{"C":{"('bar', 'one')":-0.005117796,"('bar', 'three')":0.7094207086,"('bar', 'two')":-1.2384757425,"('foo', 'one')":1.7597048153,"('foo', 'three')":-0.7920096718,"('foo', 'two')":-0.6492195014},"D":{"('bar', 'one')":0.0793100081,"('bar', 'three')":1.141944016,"('bar', 'two')":0.2999447434,"('foo', 'one')":-0.7495402267,"('foo', 'three')":0.3529504054,"('foo', 'two')":-0.4158125197}}